,course,num_students,avg_gpa,A+,A,A-,B+,B,B-,C+,C,C-,D+,D,D-,F
0,ENG 491: Cubesat 1,21,3.95,28.6,66.7,0.0,0.0,4.8,0.0,0.0,0.0,0.0,0.0,0.0,0.0,0.0
1,CS 498: Intro to Quantum Computing,60,3.92,23.3,60.0,10.0,6.7,0.0,0.0,0.0,0.0,0.0,0.0,0.0,0.0,0.0
2,ECE 298: Semiconductor Chips Revolution,258,3.91,15.5,73.6,3.9,3.9,0.8,0.8,0.0,0.8,0.8,0.0,0.0,0.0,0.0
3,CS 498: End-to-End Data Science,64,3.91,50.0,40.6,4.7,1.6,0.0,1.6,0.0,0.0,0.0,0.0,1.6,0.0,0.0
4,ECE 498: Advanced VLSI System Design,132,3.9,0.0,81.8,9.1,6.1,3.0,0.0,0.0,0.0,0.0,0.0,0.0,0.0,0.0
5,IB 481: Vector-borne Diseases,21,3.9,33.3,52.4,4.8,4.8,4.8,0.0,0.0,0.0,0.0,0.0,0.0,0.0,0.0
6,ME 401: Refrigeration and Cryogenics,25,3.89,52.0,32.0,4.0,8.0,4.0,0.0,0.0,0.0,0.0,0.0,0.0,0.0,0.0
7,IB 452: Ecosystem Ecology,123,3.88,31.7,52.8,8.1,1.6,4.9,0.0,0.0,0.0,0.0,0.0,0.0,0.0,0.8
8,CS 410: Text Information Systems,1277,3.87,51.2,30.1,11.2,3.2,2.0,0.9,0.0,0.8,0.0,0.0,0.2,0.0,0.5
9,ECE 469: Power Electronics Laboratory,145,3.86,53.8,29.7,8.3,3.4,2.1,0.7,0.0,0.7,0.0,0.0,0.7,0.7,0.0
10,ECE 498: Electric Mobility Systems,22,3.85,4.5,54.5,36.4,4.5,0.0,0.0,0.0,0.0,0.0,0.0,0.0,0.0,0.0
11,IB 432: Genes and Behavior,317,3.85,13.6,73.5,0.0,0.6,10.4,0.0,0.3,0.9,0.0,0.0,0.3,0.0,0.3
12,NPRE 458: Design in NPRE,48,3.83,0.0,75.0,12.5,0.0,12.5,0.0,0.0,0.0,0.0,0.0,0.0,0.0,0.0
13,IB 471: Fungal Diversity and Ecology,96,3.83,16.7,45.8,29.2,4.2,4.2,0.0,0.0,0.0,0.0,0.0,0.0,0.0,0.0
14,PHYS 403: Modern Experimental Physics,26,3.83,26.9,46.2,11.5,11.5,0.0,3.8,0.0,0.0,0.0,0.0,0.0,0.0,0.0
15,CS 467: Social Visualization,145,3.82,17.9,53.1,17.9,4.8,4.1,0.7,0.0,0.7,0.0,0.0,0.0,0.0,0.7
16,ECE 343: Electronic Circuits Laboratory,26,3.81,65.4,23.1,0.0,0.0,0.0,0.0,11.5,0.0,0.0,0.0,0.0,0.0,0.0
17,MCB 253: Exp Techniqs in Cellular Biol,1031,3.81,46.2,29.0,10.5,6.9,4.1,1.1,0.6,0.6,0.2,0.3,0.2,0.0,0.5
18,CS 498: Applied Machine Learning,347,3.8,5.5,80.7,5.8,1.4,0.6,0.9,0.6,0.9,1.2,0.0,0.6,0.0,2.0
19,CHBE 430: Unit Operations Laboratory,135,3.8,3.7,50.4,36.3,6.7,2.2,0.7,0.0,0.0,0.0,0.0,0.0,0.0,0.0
20,BIOE 414: Biomedical Instrumentation,139,3.8,50.4,22.3,9.4,9.4,6.5,0.7,0.7,0.0,0.7,0.0,0.0,0.0,0.0
21,CS 411: Database Systems,888,3.79,35.1,45.9,5.5,4.4,2.9,2.6,0.9,0.5,0.7,0.0,0.1,0.2,1.1
22,ECE 498: Power Electronics Control,25,3.79,56.0,12.0,28.0,0.0,0.0,0.0,0.0,0.0,0.0,0.0,4.0,0.0,0.0
23,ECE 498: Quantum Info Processing Theory,31,3.79,0.0,51.6,32.3,16.1,0.0,0.0,0.0,0.0,0.0,0.0,0.0,0.0,0.0
24,CPSC 265: Genetic Engineering Lab,23,3.78,0.0,73.9,0.0,21.7,0.0,0.0,4.3,0.0,0.0,0.0,0.0,0.0,0.0
25,CS 463: Computer Security II,590,3.78,53.7,20.7,12.0,3.7,4.9,1.5,0.8,1.0,0.0,0.2,0.3,0.0,1.0
26,CS 498: Data Management in the Cloud,37,3.78,51.4,18.9,10.8,10.8,5.4,0.0,0.0,2.7,0.0,0.0,0.0,0.0,0.0
27,CS 498: Computational Advertising,96,3.78,20.8,49.0,20.8,5.2,1.0,0.0,0.0,1.0,0.0,0.0,0.0,0.0,2.1
28,CS 427: Software Engineering I,815,3.77,37.4,36.4,12.3,5.4,3.2,1.8,0.0,1.8,0.0,0.0,0.7,0.0,0.9
29,SE 423: Mechatronics,167,3.77,20.4,53.3,6.0,8.4,8.4,2.4,0.0,0.0,0.0,0.0,1.2,0.0,0.0
30,CS 498: Game Development,364,3.76,32.7,45.6,8.0,4.9,2.2,1.1,0.8,1.4,1.4,0.0,1.1,0.0,0.8
31,ME 460: Industrial Control Systems,79,3.75,15.2,43.0,19.0,15.2,5.1,1.3,1.3,0.0,0.0,0.0,0.0,0.0,0.0
32,BIOE 485: Computational Math,21,3.75,4.8,61.9,4.8,19.0,4.8,4.8,0.0,0.0,0.0,0.0,0.0,0.0,0.0
33,ME 461: Computer Cntrl of Mech Systems,133,3.75,4.5,60.9,18.0,6.0,7.5,0.0,0.0,2.3,0.0,0.0,0.0,0.0,0.8
34,CS 498: Introduction to Machine Percep,57,3.74,61.4,24.6,1.8,1.8,5.3,0.0,0.0,0.0,0.0,0.0,1.8,0.0,3.5
35,CS 441: Applied Machine Learning,1287,3.74,2.7,76.0,8.9,2.9,1.9,1.8,1.2,0.6,0.8,0.4,0.2,0.4,2.3
36,"ASTR 350: The Big Bang, Black Holes, and the End of the Universe",137,3.73,6.6,65.0,8.8,8.0,5.1,1.5,2.2,0.0,2.2,0.0,0.0,0.0,0.7
37,IB 451: Conservation Biology,200,3.72,26.0,38.5,16.5,6.0,7.0,3.0,0.5,1.0,0.5,0.0,0.0,0.0,1.0
38,STAT 440: Statistical Data Management,33,3.72,30.3,39.4,9.1,0.0,9.1,12.1,0.0,0.0,0.0,0.0,0.0,0.0,0.0
39,IB 202: Physiology,1616,3.72,0.0,76.9,0.0,0.0,20.0,0.0,0.0,2.0,0.0,0.0,0.6,0.0,0.5
40,IB 405: Evolution of Traits and Genomes,69,3.72,5.8,66.7,5.8,7.2,10.1,0.0,1.4,1.4,0.0,0.0,0.0,0.0,1.4
41,CS 444: Deep Learning for Computer Vision,750,3.72,22.0,58.9,1.6,1.7,8.5,0.8,0.7,3.1,0.1,0.1,0.7,0.3,1.5
42,CS 498: Trustworthy Machine Learning,24,3.71,12.5,62.5,0.0,12.5,4.2,0.0,0.0,8.3,0.0,0.0,0.0,0.0,0.0
43,CS 498: Intro to Deep Learning,167,3.71,22.2,59.3,1.2,1.8,6.0,2.4,0.0,3.6,0.6,0.6,1.2,0.6,0.6
44,CS 424: Real-Time Systems,196,3.7,17.9,41.3,13.3,12.2,10.7,2.6,1.5,0.5,0.0,0.0,0.0,0.0,0.0
45,AE 403: Spacecraft Attitude Control,30,3.69,33.3,36.7,13.3,3.3,6.7,3.3,0.0,0.0,0.0,0.0,0.0,0.0,3.3
46,CEE 330: Environmental Engineering,279,3.69,7.2,43.4,25.8,16.8,1.8,2.5,1.1,0.4,0.7,0.0,0.0,0.0,0.4
47,ECE 455: Optical Electronics,36,3.69,22.2,38.9,8.3,16.7,5.6,8.3,0.0,0.0,0.0,0.0,0.0,0.0,0.0
48,ECE 402: Electronic Music Synthesis,94,3.68,11.7,51.1,8.5,10.6,12.8,2.1,0.0,3.2,0.0,0.0,0.0,0.0,0.0
49,IB 468: Insect Classification and Evol,23,3.68,17.4,39.1,13.0,17.4,8.7,0.0,4.3,0.0,0.0,0.0,0.0,0.0,0.0
50,CS 498: Internet of Things,99,3.67,41.4,39.4,5.1,3.0,3.0,0.0,0.0,1.0,0.0,0.0,4.0,0.0,3.0
51,ECE 481: Nanotechnology,55,3.67,21.8,41.8,7.3,1.8,23.6,1.8,0.0,1.8,0.0,0.0,0.0,0.0,0.0
52,IE 400: Design & Anlys of Experiments,84,3.67,0.0,66.7,0.0,0.0,33.3,0.0,0.0,0.0,0.0,0.0,0.0,0.0,0.0
53,MATH 427: Honors Abstract Algebra,80,3.66,18.8,31.2,20.0,17.5,7.5,2.5,1.2,1.2,0.0,0.0,0.0,0.0,0.0
54,IB 453: Community Ecology,75,3.65,18.7,38.7,18.7,9.3,6.7,4.0,1.3,0.0,1.3,0.0,0.0,0.0,1.3
55,SE 411: Reliability Engineering,71,3.65,14.1,31.0,26.8,11.3,11.3,5.6,0.0,0.0,0.0,0.0,0.0,0.0,0.0
56,CS 498: Audio Computing Lab,50,3.64,24.0,50.0,8.0,0.0,0.0,6.0,0.0,8.0,4.0,0.0,0.0,0.0,0.0
57,NPRE 475: Wind Power Systems,435,3.64,30.8,26.2,14.9,13.8,5.7,2.3,2.8,0.9,1.1,0.5,0.7,0.2,0.0
58,CS 498: Reinforcement Learning,46,3.64,26.1,37.0,4.3,13.0,10.9,4.3,0.0,4.3,0.0,0.0,0.0,0.0,0.0
59,ATMS 420: Atmospheric Chemistry,58,3.64,39.7,19.0,10.3,15.5,10.3,3.4,0.0,0.0,0.0,0.0,0.0,0.0,1.7
60,MATH 418: Intro to Abstract Algebra II,43,3.64,37.2,20.9,16.3,7.0,11.6,0.0,2.3,2.3,2.3,0.0,0.0,0.0,0.0
61,CS 447: Natural Language Processing,1086,3.64,20.7,33.1,25.6,8.6,5.0,2.7,1.1,0.5,0.2,0.3,0.3,0.0,2.0
62,BIOC 455: Technqs Biochem & Biotech,114,3.63,59.6,11.4,7.0,6.1,3.5,4.4,2.6,0.0,0.9,0.0,1.8,0.9,1.8
63,MCB 402: Sys & Integrative Physiology,1308,3.63,26.3,27.2,19.0,8.7,9.5,5.4,2.0,0.8,0.8,0.0,0.3,0.2,0.0
64,AE 460: Aerodynamics & Propulsion Lab,399,3.63,0.0,41.4,29.1,15.5,8.8,2.3,1.5,1.0,0.5,0.0,0.0,0.0,0.0
65,ECE 460: Optical Imaging,27,3.63,18.5,55.6,0.0,7.4,7.4,0.0,0.0,3.7,7.4,0.0,0.0,0.0,0.0
66,MATH 424: Honors Real Analysis,118,3.63,20.3,32.2,20.3,11.9,8.5,1.7,1.7,1.7,0.0,0.0,0.8,0.8,0.0
67,MATH 403: Euclidean Geometry,123,3.63,23.6,36.6,13.0,8.1,9.8,2.4,2.4,0.8,2.4,0.0,0.0,0.8,0.0
68,CS 431: Embedded Systems,62,3.62,24.2,30.6,11.3,14.5,12.9,0.0,3.2,3.2,0.0,0.0,0.0,0.0,0.0
69,AE 412: Viscous Flow & Heat Transfer,58,3.62,1.7,43.1,22.4,15.5,10.3,3.4,3.4,0.0,0.0,0.0,0.0,0.0,0.0
70,MCB 408: Immunology,295,3.62,12.2,31.9,25.8,14.2,8.8,3.4,2.0,1.0,0.3,0.3,0.0,0.0,0.0
71,CS 498: The Art of Web Programming,172,3.62,12.2,45.3,16.3,10.5,6.4,2.9,2.3,1.7,0.6,0.0,0.0,0.0,1.7
72,ECE 418: Image & Video Processing,81,3.61,12.3,34.6,27.2,7.4,3.7,8.6,6.2,0.0,0.0,0.0,0.0,0.0,0.0
73,SHS 320: Development of Spoken Language,464,3.61,22.8,39.9,11.6,5.6,9.3,3.9,0.9,3.0,0.0,0.9,1.5,0.2,0.4
74,SHS 200: General Phonetics,371,3.61,31.5,25.6,14.3,9.2,7.3,6.5,1.9,1.3,1.3,0.5,0.3,0.0,0.3
75,ECE 484: Principles of Safe Autonomy,270,3.61,7.4,34.8,28.9,14.4,9.3,2.2,1.5,0.0,0.4,0.0,0.0,0.4,0.7
76,CS 420: Parallel Progrmg: Sci & Engrg,117,3.61,17.9,27.4,29.1,11.1,9.4,0.9,1.7,0.9,0.0,0.0,0.0,0.0,1.7
77,STAT 428: Statistical Computing,264,3.6,45.5,19.3,11.4,4.9,5.3,3.4,3.0,2.3,1.1,1.9,1.1,0.4,0.4
78,ECE 490: Introduction to Optimization,170,3.6,13.5,44.1,11.2,11.8,8.8,4.7,2.4,1.2,1.2,0.0,0.6,0.0,0.6
79,ASTR 330: Extraterrestrial Life,917,3.6,11.3,41.1,19.6,12.6,6.7,3.8,1.1,1.2,0.2,0.3,0.5,0.0,1.4
80,SHS 240: Intro Sound & Hearing Science,272,3.6,17.3,43.8,12.5,5.1,10.3,4.0,1.1,4.0,0.0,0.4,0.0,0.7,0.7
81,ME 420: Intermediate Heat Transfer,72,3.6,13.9,50.0,5.6,5.6,18.1,1.4,0.0,2.8,0.0,1.4,0.0,0.0,1.4
82,CS 101: Intro Computing: Engrg & Sci,5284,3.6,19.7,44.6,12.8,7.0,4.5,3.1,1.7,1.4,1.0,0.9,0.5,0.3,2.3
83,CHEM 105: General Chemistry Lab II,6986,3.6,29.8,30.8,12.6,8.2,7.5,3.2,2.3,2.0,1.0,0.6,0.8,0.2,1.0
84,LING 406: Introduction to Computational Linguistics,395,3.6,21.0,42.5,13.9,5.8,10.1,0.0,0.0,1.5,0.0,0.0,1.5,0.0,3.5
85,ECE 311: Digital Signal Processing Lab,1467,3.59,24.9,38.0,14.1,6.1,5.2,3.7,1.6,1.3,0.8,0.7,0.3,0.4,2.8
86,ECE 451: Adv Microwave Measurements,26,3.59,19.2,34.6,11.5,7.7,19.2,3.8,0.0,3.8,0.0,0.0,0.0,0.0,0.0
87,NPRE 441: Radiation Protection,100,3.59,14.0,39.0,13.0,8.0,17.0,5.0,0.0,4.0,0.0,0.0,0.0,0.0,0.0
88,IB 461: Ornithology,113,3.58,33.6,25.7,12.4,8.0,5.3,4.4,4.4,2.7,1.8,0.9,0.9,0.0,0.0
89,CHEM 103: General Chemistry Lab I,8879,3.58,34.1,27.3,11.9,7.8,6.8,3.3,2.4,1.8,1.0,0.9,0.6,0.5,1.6
90,MCB 406: Gene Expression & Regulation,189,3.58,8.5,34.4,21.2,18.0,10.1,5.3,1.1,0.5,0.5,0.5,0.0,0.0,0.0
91,ECE 439: Wireless Networks,24,3.58,16.7,29.2,33.3,8.3,0.0,4.2,4.2,0.0,0.0,0.0,4.2,0.0,0.0
92,CS 498: AI Applications in Education,33,3.58,6.1,54.5,21.2,3.0,9.1,0.0,0.0,0.0,0.0,0.0,0.0,0.0,6.1
93,CS 476: Program Verification,24,3.57,37.5,37.5,0.0,4.2,0.0,4.2,12.5,0.0,0.0,0.0,0.0,4.2,0.0
94,CS 435: Cloud Networking,463,3.57,6.7,59.8,12.5,5.8,3.9,2.4,0.0,2.4,0.9,0.4,0.6,0.4,4.1
95,ME 400: Energy Conversion Systems,325,3.57,25.5,23.4,22.5,7.4,8.3,6.2,3.1,1.2,1.8,0.3,0.0,0.0,0.3
96,NPRE 470: Fuel Cells & Hydrogen Sources,195,3.57,20.0,22.6,12.8,29.2,11.3,3.1,0.0,0.0,0.0,0.0,0.0,0.0,1.0
97,CS 438: Communication Networks,828,3.57,11.6,29.1,24.0,18.6,10.3,3.1,0.7,1.0,0.8,0.0,0.0,0.0,0.7
98,STAT 420: Methods of Applied Statistics,1182,3.57,19.0,36.6,14.3,10.0,8.5,3.4,3.4,1.7,0.8,0.6,0.6,0.1,1.0
99,CS 498: Cloud Computing Applications,1574,3.56,9.7,46.1,10.9,9.5,15.4,1.8,1.1,2.2,0.6,0.3,1.0,0.1,1.3
100,ECE 488: Compound Semicond & Devices,27,3.56,18.5,25.9,11.1,18.5,18.5,7.4,0.0,0.0,0.0,0.0,0.0,0.0,0.0
101,ECE 417: Multimedia Signal Processing,68,3.56,14.7,32.4,27.9,8.8,7.4,0.0,2.9,0.0,1.5,1.5,1.5,1.5,0.0
102,ME 472: Introduction to Tribology,78,3.55,21.8,35.9,14.1,10.3,5.1,1.3,2.6,2.6,3.8,1.3,0.0,0.0,1.3
103,CS 445: Computational Photography,1117,3.55,20.9,34.6,22.0,7.0,4.3,2.7,1.4,1.0,1.0,0.7,0.9,1.0,2.6
104,CS 412: Introduction to Data Mining,1577,3.55,16.5,35.6,19.3,11.7,7.4,2.6,1.0,1.5,0.5,0.0,1.0,0.0,2.9
105,CS 498: Computational Geometry,24,3.54,8.3,37.5,12.5,12.5,20.8,4.2,4.2,0.0,0.0,0.0,0.0,0.0,0.0
106,CS 423: Operating Systems Design,84,3.54,8.3,46.4,11.9,6.0,13.1,2.4,7.1,2.4,2.4,0.0,0.0,0.0,0.0
107,ME 451: Computer-Aided Mfg Systems,35,3.54,2.9,31.4,22.9,17.1,22.9,2.9,0.0,0.0,0.0,0.0,0.0,0.0,0.0
108,SHS 301: General Speech Science,280,3.53,23.9,21.8,20.0,13.6,7.5,5.7,3.6,1.4,0.7,1.1,0.0,0.7,0.0
109,IE 310: Deterministic Models in Optimization,724,3.53,5.5,39.5,21.1,12.8,9.5,5.4,2.1,1.7,0.6,0.0,0.0,0.1,1.7
110,IE 420: Financial Engineering,254,3.53,10.2,31.5,24.0,17.3,5.5,3.9,2.4,2.4,0.4,1.2,0.4,0.4,0.4
111,ECE 470: Introduction to Robotics,859,3.53,9.7,34.9,21.4,13.3,9.4,3.5,2.7,1.7,1.3,1.2,0.6,0.1,0.2
112,IE 431: Design for Six Sigma,113,3.52,0.0,31.9,30.1,16.8,12.4,4.4,0.9,2.7,0.9,0.0,0.0,0.0,0.0
113,CS 477: Formal Software Development Methods,158,3.52,15.2,27.8,23.4,13.9,7.0,4.4,3.2,2.5,1.3,0.0,0.0,0.0,1.3
114,MCB 300: Microbiology,1946,3.52,8.2,32.8,25.6,14.5,8.1,4.2,2.1,1.1,0.8,0.7,0.6,0.5,0.8
115,BIOC 446: Physical Biochemistry,233,3.52,16.7,27.5,15.9,12.0,20.2,3.4,0.9,2.6,0.0,0.0,0.0,0.0,0.9
116,ECE 380: Biomedical Imaging,78,3.51,14.1,20.5,29.5,15.4,7.7,7.7,3.8,0.0,0.0,0.0,0.0,1.3,0.0
117,CS 426: Compiler Construction,104,3.51,9.6,39.4,14.4,4.8,17.3,6.7,3.8,2.9,0.0,0.0,1.0,0.0,0.0
118,ME 370: Mechanical Design I,1148,3.51,13.9,33.1,18.4,11.1,11.0,4.7,2.4,2.0,0.8,0.9,0.6,0.3,0.9
119,ME 487: MEMS-NEMS Theory & Fabrication,126,3.5,9.5,28.6,24.6,12.7,9.5,7.1,3.2,4.8,0.0,0.0,0.0,0.0,0.0
120,ME 371: Mechanical Design II,393,3.5,4.8,31.6,25.7,15.0,12.2,5.3,1.8,1.3,1.3,0.0,0.5,0.0,0.5
121,CS 440: Artificial Intelligence,1620,3.5,11.2,39.3,15.2,10.4,11.4,2.5,2.1,4.2,0.8,0.4,0.5,0.6,1.3
122,IB 203: Ecology,43,3.5,0.0,44.2,18.6,11.6,16.3,0.0,7.0,0.0,0.0,0.0,0.0,2.3,0.0
123,IB 462: Mammalogy,57,3.49,8.8,33.3,24.6,10.5,7.0,5.3,3.5,3.5,1.8,1.8,0.0,0.0,0.0
124,CS 475: Formal Models of Computation,24,3.49,37.5,25.0,0.0,12.5,8.3,8.3,4.2,0.0,0.0,0.0,0.0,0.0,4.2
125,CS 498: Intro to Machine Perception,78,3.49,48.7,17.9,2.6,12.8,2.6,1.3,1.3,6.4,1.3,0.0,1.3,0.0,3.8
126,MCB 424: Microbial Biochemistry,153,3.49,2.0,33.3,20.9,20.3,11.1,6.5,2.6,2.6,0.7,0.0,0.0,0.0,0.0
127,ME 200: Thermodynamics,1363,3.48,7.2,34.8,22.5,9.3,13.9,5.2,1.5,2.7,0.7,0.2,0.4,0.1,1.5
128,ECE 416: Biosensors,122,3.48,37.7,21.3,6.6,8.2,12.3,0.8,2.5,4.1,3.3,0.0,2.5,0.0,0.8
129,CS 419: Production Computer Graphics,32,3.48,12.5,50.0,12.5,9.4,0.0,3.1,0.0,6.2,0.0,0.0,0.0,0.0,6.2
130,CS 421: Programming Languages & Compilers,810,3.48,23.2,47.3,0.4,6.4,6.2,0.4,3.3,2.5,0.0,5.8,3.1,0.0,1.5
131,ECE 454: Antennas,22,3.47,0.0,36.4,40.9,0.0,4.5,0.0,9.1,4.5,4.5,0.0,0.0,0.0,0.0
132,MATH 442: Intro Partial Diff Equations,403,3.47,18.1,36.7,14.6,6.2,6.7,4.5,2.5,5.0,1.7,0.7,0.7,1.5,1.0
133,MCB 435: Evolution of Infectious Disease,167,3.46,27.5,13.2,18.6,15.0,9.6,9.0,2.4,2.4,0.0,0.6,1.2,0.0,0.6
134,"MCB 410: Developmental Biology, Stem Cells and Regenerative Medicine",236,3.46,11.4,25.0,20.8,16.5,10.6,6.8,4.7,2.5,1.3,0.4,0.0,0.0,0.0
135,CS 433: Computer System Organization,155,3.46,9.0,26.5,24.5,12.9,12.3,6.5,3.9,2.6,1.9,0.0,0.0,0.0,0.0
136,ECE 407: Cryptography,194,3.46,7.7,46.9,7.7,8.2,11.3,6.7,4.1,3.1,1.0,1.0,0.0,0.5,1.5
137,PHYS 460: Condensed Matter Physics,161,3.45,7.5,28.0,23.0,15.5,13.0,4.3,4.3,1.9,0.0,0.6,0.6,1.2,0.0
138,MATH 453: Number Theory,308,3.45,12.7,34.4,11.4,13.6,10.7,6.2,5.5,1.6,1.6,1.0,0.6,0.0,0.6
139,NPRE 429: Plasma Engineering,73,3.45,4.1,34.2,19.2,12.3,15.1,4.1,6.8,2.7,1.4,0.0,0.0,0.0,0.0
140,IB 464: Herpetology,23,3.45,13.0,26.1,17.4,8.7,17.4,13.0,0.0,4.3,0.0,0.0,0.0,0.0,0.0
141,NPRE 201: Energy Systems,227,3.45,3.1,27.3,20.3,22.0,19.8,1.3,3.1,2.6,0.0,0.0,0.0,0.0,0.4
142,NPRE 457: Safety Anlys Nucl Reactor Syst,30,3.44,26.7,6.7,20.0,23.3,10.0,3.3,6.7,0.0,3.3,0.0,0.0,0.0,0.0
143,MCB 480: Eukaryotic Cell Signaling,166,3.44,4.2,36.1,18.1,15.1,10.8,5.4,2.4,6.0,0.0,0.0,1.2,0.0,0.6
144,ECE 298: Special Topics,24,3.43,50.0,20.8,8.3,0.0,4.2,0.0,0.0,8.3,0.0,0.0,0.0,0.0,8.3
145,ECE 486: Control Systems,270,3.42,21.9,24.1,11.1,11.9,14.4,5.2,3.3,4.4,2.2,0.4,0.4,0.0,0.7
146,ECE 444: IC Device Theory & Fabrication,185,3.41,14.1,36.2,11.4,2.2,15.7,6.5,5.4,3.2,3.8,0.0,1.6,0.0,0.0
147,IE 411: Optimization of Large Systems,22,3.41,22.7,40.9,13.6,4.5,0.0,0.0,9.1,0.0,0.0,0.0,0.0,0.0,9.1
148,CS 466: Introduction to Bioinformatics,438,3.41,12.6,38.1,10.3,7.1,16.7,4.8,1.6,3.7,0.9,0.2,1.6,0.0,2.5
149,CS 242: Programming Studio,196,3.41,29.6,24.0,9.7,8.7,9.2,7.1,2.0,2.0,0.5,2.6,2.0,0.5,2.0
150,ME 430: Failure of Engrg Materials,131,3.4,6.9,23.7,26.7,14.5,10.7,9.9,1.5,2.3,1.5,0.8,0.8,0.0,0.8
151,AE 202: Aerospace Flight Mechanics,259,3.4,13.5,33.6,16.6,10.4,8.9,6.9,2.7,0.8,0.8,0.0,1.5,0.8,3.5
152,PSYC 204: Intro to Brain and Cognition,144,3.39,11.8,26.4,24.3,10.4,6.2,7.6,4.2,4.2,2.1,0.7,0.7,0.0,1.4
153,CS 498: AI for Robot Manipulation,46,3.38,10.9,32.6,21.7,8.7,6.5,13.0,0.0,0.0,0.0,0.0,0.0,2.2,4.3
154,CS 418: Interactive Computer Graphics,368,3.38,15.5,31.0,14.7,13.6,8.2,3.5,2.4,3.0,2.2,0.3,3.5,0.0,2.2
155,STAT 425: Statistical Modeling I,1088,3.38,17.4,31.2,14.8,9.9,8.5,4.8,2.3,3.6,2.3,0.5,0.9,0.3,3.6
156,MATH 484: Nonlinear Programming,161,3.37,15.5,32.3,14.3,9.3,6.8,5.6,2.5,6.2,3.7,1.2,0.6,0.6,1.2
157,BIOE 302: Modeling Human Physiology,169,3.37,1.8,50.3,0.0,4.7,31.4,0.0,0.0,8.3,0.0,0.0,2.4,0.0,1.2
158,CS 450: Numerical Analysis,432,3.37,16.9,21.5,14.8,13.9,11.8,8.3,5.8,3.5,1.6,0.9,0.2,0.0,0.7
159,CS 446: Machine Learning,1222,3.36,6.9,25.4,24.0,15.8,9.0,7.0,4.1,3.9,1.3,0.4,0.3,0.7,1.2
160,ATMS 302: Atmospheric Dynamics I,22,3.36,13.6,22.7,18.2,0.0,27.3,9.1,0.0,9.1,0.0,0.0,0.0,0.0,0.0
161,ECE 498: Data Science & Analytics,24,3.36,16.7,20.8,12.5,16.7,8.3,12.5,8.3,0.0,4.2,0.0,0.0,0.0,0.0
162,ME 452: Num Control of Mfg Processes,124,3.36,5.6,38.7,7.3,3.2,33.9,1.6,0.8,5.6,0.0,0.0,1.6,0.0,1.6
163,AE 410: Computational Aerodynamics,95,3.35,15.8,31.6,20.0,7.4,4.2,3.2,4.2,3.2,3.2,1.1,3.2,1.1,2.1
164,SHS 300: Anat & Physiol Spch Mechanism,328,3.35,20.4,18.3,17.7,12.8,10.4,9.1,2.1,1.8,2.4,2.1,1.2,0.6,0.9
165,STAT 425: Applied Regression and Design,132,3.35,22.0,31.8,8.3,5.3,9.8,8.3,3.8,3.0,0.8,0.0,3.0,0.8,3.0
166,IE 413: Simulation,102,3.35,11.8,47.1,3.9,2.0,15.7,2.0,0.0,9.8,2.0,0.0,3.9,0.0,2.0
167,IB 420: Plant Physiology,130,3.35,0.0,29.2,27.7,13.8,9.2,12.3,1.5,1.5,0.0,0.0,3.1,0.0,1.5
168,PHYS 427: Thermal & Statistical Physics,369,3.34,8.9,23.0,15.7,17.1,19.2,6.8,3.3,2.4,0.5,1.1,0.5,0.8,0.5
169,IE 361: Production Planning & Control,310,3.34,3.9,19.0,25.2,15.5,19.7,8.1,3.5,4.2,1.0,0.0,0.0,0.0,0.0
170,ECE 398: Progm Mthds - Machine Learning,59,3.34,6.8,28.8,3.4,10.2,40.7,5.1,0.0,5.1,0.0,0.0,0.0,0.0,0.0
171,ECE 431: Electric Machinery,124,3.34,0.8,41.9,7.3,5.6,27.4,5.6,2.4,5.6,0.8,0.0,1.6,0.0,0.8
172,AE 416: Applied Aerodynamics,81,3.33,19.8,28.4,8.6,7.4,9.9,9.9,6.2,4.9,1.2,0.0,1.2,0.0,2.5
173,CS 498: Robotic Systems,22,3.32,31.8,22.7,4.5,9.1,13.6,4.5,0.0,0.0,4.5,4.5,0.0,0.0,4.5
174,PHYS 225: Relativity & Math Applications,946,3.32,22.1,16.2,10.7,16.6,12.6,7.4,6.2,3.3,1.9,0.7,0.7,1.2,0.4
175,MATH 347: Fundamental Mathematics,1432,3.32,13.5,29.1,12.2,11.1,12.7,6.5,4.6,4.0,2.0,0.7,0.9,0.6,2.2
176,ME 340: Dynamics of Mechanical Systems,1107,3.3,9.8,28.7,16.7,11.4,10.7,4.2,5.3,6.6,2.3,1.8,1.3,0.4,0.9
177,ECE 479: IoT and Cognitive Computing,124,3.3,9.7,18.5,17.7,18.5,14.5,7.3,8.1,2.4,1.6,0.0,0.8,0.0,0.8
178,PHYS 402: Light,196,3.29,15.3,18.4,18.4,11.7,11.7,8.7,6.1,5.1,2.6,0.0,0.5,1.0,0.5
179,ECE 445: Senior Design Project Lab,2650,3.29,7.3,24.8,12.8,15.7,17.3,8.9,6.0,4.1,1.4,0.2,0.3,0.5,0.8
180,"MCB 252: Cells, Tissues & Development",1143,3.28,17.1,21.3,13.8,13.3,10.1,7.5,5.1,4.3,2.2,2.1,1.1,1.0,0.9
181,MATH 444: Elementary Real Analysis,526,3.28,13.9,24.7,12.7,15.0,12.4,5.9,4.0,3.8,3.0,0.8,1.3,0.2,2.3
182,MATH 402: Non Euclidean Geometry,172,3.27,16.3,20.9,14.0,11.0,16.3,5.8,5.8,3.5,1.2,0.6,1.2,1.7,1.7
183,AE 419: Aircraft Flight Mechanics,175,3.27,14.9,26.3,10.3,10.9,14.3,7.4,6.3,2.9,1.7,1.7,0.6,0.0,2.9
184,ME 330: Engineering Materials,943,3.27,9.7,21.0,19.1,14.3,12.9,7.2,4.7,6.0,1.4,0.8,1.5,0.5,0.8
185,MATH 432: Set Theory and Topology,25,3.27,28.0,28.0,4.0,8.0,8.0,4.0,4.0,4.0,4.0,0.0,0.0,4.0,4.0
186,ECE 483: Analog IC Design,194,3.27,6.7,28.9,22.2,10.8,8.2,8.8,4.1,2.1,1.0,0.0,2.1,2.1,3.1
187,GEOL 107: Physical Geology,383,3.26,31.1,18.5,6.3,7.8,11.2,5.2,5.0,5.2,1.0,2.6,2.6,1.0,2.3
188,ASTR 310: Computing in Astronomy,83,3.26,0.0,56.6,10.8,2.4,8.4,1.2,3.6,3.6,0.0,0.0,7.2,0.0,6.0
189,ECE 365: Data Science and Engineering,182,3.25,17.6,15.9,20.9,18.1,4.9,3.3,3.8,3.3,5.5,1.1,3.8,0.0,1.6
190,NPRE 451: NPRE Laboratory,31,3.24,6.5,6.5,19.4,25.8,22.6,12.9,3.2,0.0,3.2,0.0,0.0,0.0,0.0
191,STAT 424: Design of Experiments,33,3.24,15.2,36.4,12.1,3.0,6.1,3.0,6.1,9.1,0.0,0.0,3.0,3.0,3.0
192,AE 311: Incompressible Flow,165,3.24,4.2,32.7,21.2,9.7,8.5,7.3,3.0,2.4,3.6,0.6,1.2,1.8,3.6
193,MATH 447: Real Variables,214,3.24,13.1,23.4,13.1,15.4,14.0,2.3,4.2,6.5,3.7,0.0,0.9,0.5,2.8
194,PHYS 325: Classical Mechanics I,768,3.24,26.6,12.6,11.5,12.2,10.3,8.6,4.4,4.3,3.4,3.1,1.0,1.4,0.5
195,GEOL 440: Sedimentology and Stratigraphy,77,3.23,19.5,19.5,18.2,7.8,11.7,9.1,0.0,2.6,5.2,0.0,0.0,1.3,5.2
196,MCB 150: Molec & Cellular Basis of Life,4058,3.23,9.2,13.9,18.6,18.7,15.6,10.1,5.8,3.5,2.0,1.3,0.6,0.3,0.5
197,ME 412: Numerical Thermo-Fluid Mechs,128,3.23,10.9,30.5,15.6,10.9,9.4,7.0,3.1,1.6,0.8,0.0,1.6,5.5,3.1
198,ECE 342: Electronic Circuits,368,3.22,11.4,18.7,14.4,12.0,16.8,11.7,6.5,3.8,1.4,0.3,1.6,0.0,1.4
199,CS 473: Algorithms,579,3.22,8.1,19.2,16.9,15.5,15.7,9.2,5.9,4.0,2.2,0.3,1.2,0.0,1.7
200,ME 310: Fundamentals of Fluid Dynamics,608,3.21,10.0,19.4,19.7,13.7,11.3,7.9,4.9,5.1,2.8,1.0,2.1,0.2,1.8
201,ECE 425: Intro to VLSI System Design,157,3.2,8.9,25.5,14.6,12.1,14.0,8.3,4.5,5.1,1.3,0.6,0.6,0.6,3.8
202,NPRE 442: Radioactive Waste Management,75,3.2,10.7,17.3,17.3,10.7,21.3,8.0,2.7,5.3,1.3,0.0,4.0,1.3,0.0
203,IB 302: Evolution,974,3.2,6.6,27.5,12.2,8.0,22.5,3.3,2.5,13.4,0.5,0.4,2.1,0.1,0.9
204,PHYS 487: Quantum Physics II,352,3.19,13.6,20.7,13.9,13.4,10.5,4.8,8.5,6.5,2.8,2.0,0.9,0.6,1.7
205,CEE 491: Decision and Risk Analysis,43,3.19,4.7,46.5,11.6,4.7,4.7,7.0,0.0,11.6,0.0,0.0,0.0,0.0,9.3
206,CHBE 453: Electrochemical Engineering,105,3.18,5.7,25.7,8.6,15.2,11.4,14.3,6.7,7.6,2.9,0.0,1.9,0.0,0.0
207,MATH 446: Applied Complex Variables,28,3.18,0.0,39.3,10.7,3.6,21.4,3.6,3.6,10.7,3.6,0.0,0.0,0.0,3.6
208,PHYS 486: Quantum Physics I,446,3.17,12.3,21.1,13.0,13.0,12.1,9.2,3.8,6.3,3.8,2.2,0.7,0.7,1.8
209,PHYS 326: Classical Mechanics II,382,3.17,5.2,17.0,21.2,16.8,13.4,8.9,5.2,4.7,2.6,2.9,0.8,0.5,0.8
210,ECE 333: Green Electric Energy,601,3.15,7.5,12.8,22.0,16.8,12.8,12.0,5.7,3.5,1.8,1.7,1.0,1.0,1.5
211,TAM 335: Introductory Fluid Mechanics,762,3.15,7.7,18.9,19.9,12.7,10.9,9.2,7.0,5.5,2.0,1.7,2.0,1.3,1.2
212,AE 312: Compressible Flow,527,3.14,8.0,26.4,12.9,9.7,13.7,8.9,5.7,4.7,2.5,1.5,2.7,0.9,2.5
213,CS 425: Distributed Systems,821,3.14,6.7,14.7,19.2,15.7,15.7,10.6,6.7,3.5,2.3,1.7,0.6,0.5,1.9
214,PHYS 401: Classical Physics Lab,147,3.14,6.8,17.7,27.9,11.6,13.6,5.4,0.7,4.1,2.0,2.7,2.0,2.0,3.4
215,SE 424: State Space Design for Control,305,3.14,5.9,20.0,10.5,13.1,19.7,14.4,5.6,6.2,2.6,0.3,0.3,0.3,1.0
216,CEE 310: Transportation Engineering,286,3.13,4.9,21.3,12.9,10.5,21.7,10.5,4.9,7.3,2.1,1.0,1.0,0.3,1.4
217,MATH 412: Graph Theory,385,3.12,18.4,16.9,14.8,11.4,9.1,6.0,3.9,5.2,5.7,2.1,2.1,2.3,2.1
218,ASTR 414: Astronomical Techniques,148,3.12,15.5,33.8,2.7,5.4,16.2,4.1,0.7,6.8,2.0,0.7,4.7,5.4,2.0
219,AE 353: Aerospace Control Systems,513,3.11,9.4,24.4,12.5,10.9,16.8,8.4,2.1,4.3,1.9,0.6,2.9,1.6,4.3
220,CHBE 440: Process Control and Dynamics,448,3.11,6.5,23.4,14.7,11.6,11.4,7.4,7.1,7.4,4.7,1.1,3.3,0.7,0.7
221,ASTR 210: Introduction to Astrophysics,375,3.1,9.6,44.3,1.1,1.1,20.0,0.3,0.5,10.4,0.3,0.0,2.9,1.1,8.5
222,ECE 464: Power Electronics,269,3.09,15.6,17.1,12.3,10.4,10.8,8.9,8.2,5.9,2.6,2.6,3.3,0.7,1.5
223,NPRE 247: Modeling Nuclear Energy System,78,3.09,11.5,21.8,10.3,12.8,12.8,7.7,7.7,2.6,2.6,5.1,1.3,1.3,2.6
224,ECE 330: Power Ckts & Electromechanics,330,3.09,7.0,20.6,16.1,10.0,13.0,10.6,7.6,4.5,2.7,3.6,1.2,2.1,0.9
225,AE 434: Rocket Propulsion,103,3.08,0.0,20.4,12.6,26.2,12.6,8.7,3.9,5.8,5.8,0.0,1.0,0.0,2.9
226,ASTR 405: Planetary Systems,220,3.07,7.3,27.3,15.9,10.9,10.0,2.3,5.0,6.4,5.5,1.4,2.3,1.4,4.5
227,NPRE 330: Materials in Nuclear Engineering,69,3.07,2.9,18.8,15.9,24.6,5.8,5.8,13.0,5.8,1.4,0.0,1.4,1.4,2.9
228,ECE 498: IoT and Cognitive Computing,38,3.07,7.9,21.1,23.7,7.9,10.5,2.6,5.3,5.3,5.3,2.6,2.6,2.6,2.6
229,CHBE 321: Thermodynamics,515,3.07,5.0,18.6,11.8,13.0,17.7,13.4,7.4,5.6,2.5,1.4,1.6,1.4,0.6
230,PHYS 485: Atomic Phys & Quantum Theory,150,3.07,18.0,16.0,10.7,8.0,12.0,10.0,6.7,6.7,4.7,2.0,2.7,0.7,2.0
231,ATMS 304: Radiative Transfer-Remote Sens,27,3.05,11.1,22.2,14.8,11.1,11.1,0.0,7.4,7.4,3.7,0.0,3.7,7.4,0.0
232,IB 204: Genetics,240,3.05,0.4,21.7,11.7,9.2,29.6,5.8,5.4,7.9,5.4,0.0,0.8,0.8,1.2
233,IB 426: Env and Evol Physl of Animals,23,3.04,8.7,13.0,0.0,8.7,39.1,13.0,8.7,4.3,4.3,0.0,0.0,0.0,0.0
234,CS 498: Data Science & Analytics,31,3.03,3.2,22.6,12.9,12.9,9.7,9.7,12.9,6.5,3.2,0.0,6.5,0.0,0.0
235,TAM 211: Statics,1403,3.03,6.6,19.5,13.2,12.3,15.1,8.3,7.0,7.7,3.1,2.0,1.9,0.8,2.6
236,PHYS 470: Subatomic Physics,49,3.03,8.2,18.4,6.1,16.3,18.4,10.2,8.2,4.1,2.0,2.0,2.0,4.1,0.0
237,MATH 413: Intro to Combinatorics,328,3.03,29.6,13.1,9.5,7.0,7.6,4.6,6.1,5.8,1.8,3.7,4.3,1.8,5.2
238,ME 320: Heat Transfer,629,3.01,7.3,15.4,13.4,13.2,14.3,10.3,9.4,7.6,3.0,1.7,2.1,0.8,1.4
239,MATH 482: Linear Programming,196,3.01,15.8,19.9,8.7,9.7,14.3,4.6,5.6,7.7,3.6,0.5,3.6,1.0,5.1
240,CHBE 431: Process Design,357,3.0,7.8,12.6,9.0,18.2,18.5,8.4,5.3,10.9,6.7,0.3,0.6,0.6,1.1
241,ASTR 404: Stellar Astrophysics,86,2.99,0.0,34.9,9.3,9.3,16.3,8.1,1.2,4.7,3.5,0.0,5.8,0.0,7.0
242,IB 150: Organismal & Evolutionary Biol,171,2.99,2.9,22.2,8.8,12.3,19.3,6.4,6.4,12.3,3.5,2.9,1.2,0.0,1.8
243,MCB 354: Biochem & Phys Basis of Life,1176,2.99,12.0,13.4,12.6,12.3,11.5,9.9,8.1,7.1,5.6,3.7,2.0,1.4,0.6
244,BIOE 202: Cell & Tissue Engineering Lab,389,2.98,5.4,9.3,12.6,16.7,19.3,12.1,12.1,4.1,4.4,1.8,0.3,1.0,1.0
245,TAM 251: Introductory Solid Mechanics,1818,2.97,10.9,16.5,11.9,11.6,11.7,9.3,6.2,7.9,4.5,2.9,2.3,1.7,2.8
246,ME 471: Finite Element Analysis,388,2.97,8.0,15.7,12.6,16.5,11.6,10.3,5.4,6.4,4.6,1.5,2.3,1.5,3.4
247,TAM 212: Introductory Dynamics,1698,2.97,7.4,15.5,11.9,12.8,14.6,10.5,7.5,8.7,3.7,2.5,1.9,1.0,1.9
248,ECE 411: Computer Organization & Design,570,2.96,4.0,13.7,17.4,13.5,13.3,10.2,7.9,8.1,4.7,2.8,2.6,1.1,0.7
249,ATMS 201: General Physical Meteorology,94,2.95,19.1,6.4,7.4,14.9,14.9,12.8,2.1,8.5,5.3,2.1,3.2,0.0,3.2
250,TAM 445: Continuum Mechanics,103,2.94,12.6,12.6,6.8,13.6,7.8,8.7,17.5,11.7,5.8,1.0,1.0,0.0,1.0
251,MATH 453: Elementary Theory of Numbers,47,2.93,14.9,25.5,6.4,6.4,6.4,2.1,8.5,8.5,8.5,2.1,6.4,2.1,2.1
252,ECE 310: Digital Signal Processing,1122,2.93,8.6,16.2,9.9,10.2,16.2,9.6,6.4,8.8,5.9,3.3,1.8,0.4,2.5
253,AE 435: Electric Propulsion,75,2.91,0.0,12.0,17.3,16.0,18.7,10.7,9.3,5.3,1.3,0.0,6.7,0.0,2.7
254,AE 352: Aerospace Dynamical Systems,238,2.9,10.9,13.4,10.5,10.1,14.3,8.4,8.4,9.2,4.2,2.5,4.6,2.5,0.8
255,ECE 408: Applied Parallel Programming,760,2.9,2.6,14.2,12.1,14.2,18.3,8.9,7.4,11.7,3.7,1.6,1.6,2.2,1.4
256,CHBE 421: Momentum and Heat Transfer,177,2.89,5.6,18.1,7.9,7.9,16.4,11.9,6.2,16.4,6.2,0.0,0.6,0.0,2.8
257,MATH 417: Intro to Abstract Algebra,335,2.89,8.1,10.1,14.3,14.9,14.9,7.2,8.1,7.5,5.1,2.7,3.0,1.5,2.7
258,NPRE 421: Plasma and Fusion Science,62,2.89,8.1,12.9,8.1,14.5,12.9,14.5,4.8,11.3,6.5,1.6,1.6,1.6,1.6
259,CS 461: Computer Security I,1153,2.88,5.6,12.1,14.7,10.7,15.7,14.7,6.6,4.9,5.9,2.3,1.9,1.9,3.0
260,CHBE 422: Mass Transfer Operations,447,2.87,2.7,15.7,8.7,7.8,24.4,9.2,8.1,13.9,4.7,0.2,2.7,0.2,1.8
261,ASTR 406: Galaxies and the Universe,85,2.87,15.3,14.1,15.3,9.4,12.9,4.7,1.2,7.1,3.5,2.4,1.2,4.7,8.2
262,TAM 412: Intermediate Dynamics,162,2.81,5.6,18.5,6.2,12.3,16.0,9.9,3.1,9.3,6.8,1.2,6.8,1.2,3.1
263,MCB 400: Cancer Cell Biology,102,2.81,17.6,10.8,9.8,6.9,12.7,7.8,5.9,6.9,5.9,8.8,0.0,1.0,5.9
264,NPRE 455: Neutron Diffusion & Transport,108,2.81,4.6,25.0,6.5,10.2,16.7,5.6,6.5,4.6,6.5,0.0,2.8,2.8,8.3
265,CHBE 221: Principles of CHE,454,2.81,2.6,13.9,13.0,11.2,13.0,9.7,12.1,10.6,5.9,2.9,1.1,0.4,3.5
266,MCB 426: Bacterial Pathogenesis,75,2.8,0.0,20.0,17.3,10.7,10.7,6.7,9.3,1.3,4.0,9.3,5.3,2.7,2.7
267,ECE 476: Power System Analysis,31,2.8,9.7,19.4,9.7,6.5,6.5,6.5,6.5,12.9,3.2,12.9,6.5,0.0,0.0
268,MSE 280: Engineering Materials,172,2.79,0.6,6.4,8.7,18.6,20.3,14.0,12.8,7.6,5.8,1.2,1.2,1.7,1.2
269,CHBE 424: Chemical Reaction Engineering,648,2.78,3.7,22.1,3.7,2.8,26.7,3.7,3.5,22.4,1.2,0.3,6.5,0.8,2.6
270,MATH 481: Vector and Tensor Analysis,45,2.78,17.8,8.9,15.6,4.4,11.1,11.1,0.0,6.7,8.9,2.2,2.2,4.4,6.7
271,ECE 329: Fields and Waves I,880,2.78,10.7,12.8,9.9,10.0,11.7,8.6,9.2,9.2,4.9,3.1,3.5,1.5,4.9
272,AE 321: Mechs of Aerospace Structures,686,2.71,2.3,20.0,5.5,10.5,17.6,7.9,7.0,10.6,4.1,2.2,4.1,1.9,6.3
273,IE 330: Industrial Quality Control,86,2.69,4.7,11.6,10.5,9.3,11.6,10.5,12.8,10.5,7.0,4.7,1.2,3.5,2.3
274,AE 435: Electric Space Propulsion,36,2.67,0.0,13.9,11.1,5.6,19.4,13.9,2.8,11.1,8.3,0.0,13.9,0.0,0.0
275,ECE 340: Semiconductor Electronics,392,2.61,4.3,14.0,6.1,5.9,18.4,9.2,5.9,15.8,6.9,1.3,6.1,1.5,4.6
276,NPRE 448: Nuclear Syst Engrg & Design,67,2.6,1.5,23.9,6.0,9.0,1.5,17.9,6.0,9.0,9.0,0.0,4.5,4.5,7.5
277,CHEM 102: General Chemistry I,339,2.48,1.8,6.2,8.0,8.8,16.8,12.7,8.3,14.7,7.1,5.9,4.1,0.9,4.7
278,GEOL 432: Mineralogy and Mineral Optics,21,2.43,0.0,4.8,9.5,19.0,14.3,0.0,9.5,14.3,9.5,9.5,0.0,4.8,4.8
279,"PHYS 419: Space, Time, and Matter-ACP",24,2.43,0.0,12.5,12.5,8.3,16.7,16.7,0.0,8.3,0.0,0.0,8.3,0.0,16.7
280,MATH 414: Mathematical Logic,22,2.26,9.1,9.1,0.0,13.6,22.7,0.0,4.5,4.5,4.5,0.0,9.1,4.5,18.2
